date,units_sold,revenue,profit,marketing_spend,customer_count,avg_order_value,day_of_week,season
2023-01-01,148,1558.8,379.93,164.32,41,38.02,Sunday,Winter
2023-01-02,155,1954.92,438.85,227.16,50,39.1,Monday,Winter
2023-01-03,161,1520.83,353.72,193.79,44,34.56,Tuesday,Winter
2023-01-04,191,2586.85,692.39,237.98,55,47.03,Wednesday,Winter
2023-01-05,191,2427.4,728.46,222.37,79,30.73,Thursday,Winter
2023-01-06,208,2575.88,674.47,196.58,83,31.03,Friday,Winter
2023-01-07,189,2546.59,545.28,242.37,59,43.16,Saturday,Winter
2023-01-08,154,2232.72,587.96,295.63,36,62.02,Sunday,Winter
2023-01-09,152,2055.28,587.6,216.39,41,50.13,Monday,Winter
2023-01-10,162,1496.67,346.79,253.37,53,28.24,Tuesday,Winter
2023-01-11,163,1643.14,404.18,173.38,61,26.94,Wednesday,Winter
2023-01-12,190,2101.93,526.41,187.36,79,26.61,Thursday,Winter
2023-01-13,217,2612.49,591.61,244.99,70,37.32,Friday,Winter
2023-01-14,139,1775.93,478.52,285.92,50,35.52,Saturday,Winter
2023-01-15,118,1287.54,317.21,241.22,27,47.69,Sunday,Winter
2023-01-16,153,1878.86,493.36,214.89,45,41.75,Monday,Winter
2023-01-17,140,1521.37,339.84,227.78,54,28.17,Tuesday,Winter
2023-01-18,177,1961.64,464.67,178.16,50,39.23,Wednesday,Winter
2023-01-19,185,1829.65,497.06,252.71,72,25.41,Thursday,Winter
2023-01-20,193,2048.72,489.27,264.15,73,28.06,Friday,Winter
2023-01-21,191,1904.74,574.87,211.07,55,34.63,Saturday,Winter
2023-01-22,142,1496.14,356.1,210.63,31,48.26,Sunday,Winter
2023-01-23,163,2213.62,568.33,240.32,49,45.18,Monday,Winter
2023-01-24,135,1427.75,396.88,212.45,22,64.9,Tuesday,Winter
2023-01-25,165,2631.51,545.9,227.49,52,50.61,Wednesday,Winter
2023-01-26,201,2560.74,504.92,314.3,54,47.42,Thursday,Winter
2023-01-27,198,2430.9,496.46,220.6,85,28.6,Friday,Winter
2023-01-28,176,1885.39,542.76,216.28,58,32.51,Saturday,Winter
2023-01-29,138,1800.96,420.42,204.83,44,40.93,Sunday,Winter
2023-01-30,159,1770.71,578.57,260.59,61,29.03,Monday,Winter
2023-01-31,149,1815.27,423.09,223.64,38,47.77,Tuesday,Winter
2023-02-01,202,3199.71,817.64,204.96,68,47.05,Wednesday,Winter
2023-02-02,200,2371.18,702.49,283.8,75,31.62,Thursday,Winter
2023-02-03,200,2744.78,851.38,287.73,73,37.6,Friday,Winter
2023-02-04,183,2002.98,624.62,206.9,61,32.84,Saturday,Winter
2023-02-05,129,1541.23,441.18,156.2,32,48.16,Sunday,Winter
2023-02-06,167,2447.59,687.09,271.09,42,58.28,Monday,Winter
2023-02-07,128,1415.62,379.07,203.31,41,34.53,Tuesday,Winter
2023-02-08,154,2266.68,619.6,262.2,50,45.33,Wednesday,Winter
2023-02-09,203,2651.51,619.03,151.62,59,44.94,Thursday,Winter
2023-02-10,227,2532.48,570.96,265.96,85,29.79,Friday,Winter
2023-02-11,173,2240.11,559.8,181.62,50,44.8,Saturday,Winter
2023-02-12,145,1951.53,477.92,259.08,44,44.35,Sunday,Winter
2023-02-13,159,2056.3,486.12,230.18,45,45.7,Monday,Winter
2023-02-14,135,1302.03,352.71,191.19,32,40.69,Tuesday,Winter
2023-02-15,163,1778.21,495.51,212.78,57,31.2,Wednesday,Winter
2023-02-16,193,2244.34,567.04,256.21,52,43.16,Thursday,Winter
2023-02-17,232,2758.1,811.78,232.66,75,36.77,Friday,Winter
2023-02-18,175,2262.93,488.23,251.44,42,53.88,Saturday,Winter
2023-02-19,120,1471.99,359.45,306.75,57,25.82,Sunday,Winter
2023-02-20,168,1679.49,383.76,164.72,57,29.46,Monday,Winter
2023-02-21,151,1898.11,368.24,291.56,47,40.39,Tuesday,Winter
2023-02-22,163,2105.29,521.1,230.6,65,32.39,Wednesday,Winter
2023-02-23,208,2670.65,657.91,190.01,61,43.78,Thursday,Winter
2023-02-24,230,3132.87,925.46,172.26,80,39.16,Friday,Winter
2023-02-25,183,2424.91,652.12,217.4,54,44.91,Saturday,Winter
2023-02-26,133,1687.61,370.05,261.3,43,39.25,Sunday,Winter
2023-02-27,157,1867.48,570.74,218.78,60,31.12,Monday,Winter
2023-02-28,161,1530.88,438.8,283.75,52,29.44,Tuesday,Winter
2023-03-01,186,2351.86,629.04,164.66,57,41.26,Wednesday,Spring
2023-03-02,190,2339.19,568.9,221.61,54,43.32,Thursday,Spring
2023-03-03,211,2617.95,579.13,171.36,68,38.5,Friday,Spring
2023-03-04,151,1522.82,363.7,235.34,52,29.28,Saturday,Spring
2023-03-05,126,1307.68,,255.59,42,31.14,Sunday,Spring
2023-03-06,172,2335.71,715.98,202.59,41,56.97,Monday,Spring
2023-03-07,174,2077.68,615.61,114.53,66,31.48,Tuesday,Spring
2023-03-08,169,2200.76,517.91,225.92,67,32.85,Wednesday,Spring
2023-03-09,211,2540.96,549.89,234.67,73,34.81,Thursday,Spring
2023-03-10,217,2613.69,664.47,232.6,77,33.94,Friday,Spring
2023-03-11,156,2091.56,411.93,265.06,51,41.01,Saturday,Spring
2023-03-12,147,1650.21,428.55,171.97,34,48.54,Sunday,Spring
2023-03-13,181,2198.1,539.79,241.19,50,43.96,Monday,Spring
2023-03-14,151,1707.29,402.95,260.83,49,34.84,Tuesday,Spring
2023-03-15,191,2167.52,438.18,141.12,45,48.17,Wednesday,Spring
2023-03-16,154,1776.58,471.52,224.16,71,25.02,Thursday,Spring
2023-03-17,222,2737.97,640.74,190.3,75,36.51,Friday,Spring
2023-03-18,165,1861.51,400.04,206.28,38,48.99,Saturday,Spring
2023-03-19,135,1874.29,307.07,222.51,35,53.55,Sunday,Spring
2023-03-20,157,1673.32,416.95,188.16,47,35.6,Monday,Spring
2023-03-21,120,1406.36,426.36,179.65,62,22.68,Tuesday,Spring
2023-03-22,162,1837.15,550.85,207.05,60,30.62,Wednesday,Spring
2023-03-23,196,2777.41,656.27,161.19,57,48.73,Thursday,Spring
2023-03-24,229,2815.52,653.01,160.23,80,35.19,Friday,Spring
2023-03-25,153,2072.81,547.35,229.8,41,50.56,Saturday,Spring
2023-03-26,125,1221.46,268.78,155.63,50,24.43,Sunday,Spring
2023-03-27,145,1798.08,465.8,227.17,46,39.09,Monday,Spring
2023-03-28,160,2133.51,582.41,217.94,46,46.38,Tuesday,Spring
2023-03-29,167,2024.61,580.67,129.31,66,30.68,Wednesday,Spring
2023-03-30,180,2447.68,604.57,170.13,58,42.2,Thursday,Spring
2023-03-31,211,2368.28,577.6,243.88,65,36.44,Friday,Spring
2023-04-01,159,2244.13,501.92,155.74,49,45.8,Saturday,Spring
2023-04-02,148,2286.36,514.87,175.27,50,45.73,Sunday,Spring
2023-04-03,139,1592.35,387.27,211.17,38,41.9,Monday,Spring
2023-04-04,139,1575.11,411.14,222.85,25,63.0,Tuesday,Spring
2023-04-05,153,2169.55,601.85,180.28,52,41.72,Wednesday,Spring
2023-04-06,163,2342.21,529.12,165.25,73,32.09,Thursday,Spring
2023-04-07,205,2299.22,677.77,244.84,86,26.74,Friday,Spring
2023-04-08,158,1796.42,434.49,256.29,50,35.93,Saturday,Spring
2023-04-09,130,1505.05,375.3,224.66,39,38.59,Sunday,Spring
2023-04-10,143,1427.62,324.9,187.69,59,24.2,Monday,Spring
2023-04-11,119,1264.02,224.08,150.71,32,39.5,Tuesday,Spring
2023-04-12,150,1574.07,435.26,148.57,52,30.27,Wednesday,Spring
2023-04-13,176,1909.3,519.53,201.43,70,27.28,Thursday,Spring
2023-04-14,185,2210.37,533.94,196.0,80,27.63,Friday,Spring
2023-04-15,148,1828.0,460.67,234.05,50,36.56,Saturday,Spring
2023-04-16,133,1905.32,505.82,202.72,42,45.36,Sunday,Spring
2023-04-17,171,1795.92,364.79,115.3,30,59.86,Monday,Spring
2023-04-18,139,1873.23,438.58,216.2,42,44.6,Tuesday,Spring
2023-04-19,156,1821.93,498.9,132.9,59,30.88,Wednesday,Spring
2023-04-20,177,2110.87,448.29,156.16,61,34.6,Thursday,Spring
2023-04-21,165,2147.02,555.66,180.21,77,27.88,Friday,Spring
2023-04-22,147,1516.44,317.39,248.71,58,26.15,Saturday,Spring
2023-04-23,124,1559.13,411.6,291.96,39,39.98,Sunday,Spring
2023-04-24,176,2155.94,536.68,190.5,52,41.46,Monday,Spring
2023-04-25,130,1656.03,333.77,157.58,40,41.4,Tuesday,Spring
2023-04-26,153,1902.36,542.06,184.95,54,35.23,Wednesday,Spring
2023-04-27,174,2728.83,622.07,197.74,74,36.88,Thursday,Spring
2023-04-28,172,1899.46,428.69,148.07,78,24.35,Friday,Spring
2023-04-29,161,1803.76,461.79,231.36,49,36.81,Saturday,Spring
2023-04-30,131,1449.55,412.34,167.41,44,32.94,Sunday,Spring
2023-05-01,147,1641.52,360.36,176.78,56,29.31,Monday,Spring
2023-05-02,115,1270.05,319.86,182.16,31,40.97,Tuesday,Spring
2023-05-03,166,2288.07,601.45,171.04,65,35.2,Wednesday,Spring
2023-05-04,149,2105.48,570.15,186.39,66,31.9,Thursday,Spring
2023-05-05,195,2173.06,554.77,126.79,81,26.83,Friday,Spring
2023-05-06,172,1849.25,441.95,127.81,64,28.89,Saturday,Spring
2023-05-07,101,1283.42,288.99,104.79,32,40.11,Sunday,Spring
2023-05-08,123,1374.11,347.08,165.03,45,30.54,Monday,Spring
2023-05-09,127,1644.57,358.25,177.27,46,35.75,Tuesday,Spring
2023-05-10,133,1636.48,265.7,163.08,50,32.73,Wednesday,Spring
2023-05-11,143,1390.87,365.93,210.42,83,16.76,Thursday,Spring
2023-05-12,183,2620.79,726.27,141.88,70,37.44,Friday,Spring
2023-05-13,120,1763.26,315.82,167.52,50,35.27,Saturday,Spring
2023-05-14,119,1318.62,289.71,95.78,44,29.97,Sunday,Spring
2023-05-15,114,1301.7,349.6,122.64,41,31.75,Monday,Spring
2023-05-16,145,1802.18,561.78,164.63,45,40.05,Tuesday,Spring
2023-05-17,126,1575.21,394.79,169.46,59,26.7,Wednesday,Spring
2023-05-18,158,2052.07,468.2,122.44,67,30.63,Thursday,Spring
2023-05-19,191,2867.92,701.24,130.03,77,37.25,Friday,Spring
2023-05-20,114,1337.74,389.61,70.89,50,26.75,Saturday,Spring
2023-05-21,112,1209.89,279.03,116.03,31,39.03,Sunday,Spring
2023-05-22,144,1430.07,323.23,164.65,54,26.48,Monday,Spring
2023-05-23,94,1024.94,241.39,150.77,62,16.53,Tuesday,Spring
2023-05-24,136,1625.24,359.83,146.52,56,29.02,Wednesday,Spring
2023-05-25,163,2394.77,607.51,127.23,71,33.73,Thursday,Spring
2023-05-26,187,2098.81,627.0,124.28,83,25.29,Friday,Spring
2023-05-27,110,1356.93,352.38,96.34,44,30.84,Saturday,Spring
2023-05-28,85,1017.91,246.77,149.48,57,17.86,Sunday,Spring
2023-05-29,129,1777.95,428.92,137.14,53,33.55,Monday,Spring
2023-05-30,119,1879.06,381.65,138.78,61,30.8,Tuesday,Spring
2023-05-31,134,1501.3,415.1,96.86,51,29.44,Wednesday,Spring
2023-06-01,161,1813.8,449.21,30.58,84,21.59,Thursday,Summer
2023-06-02,161,2184.16,534.21,159.42,84,26.0,Friday,Summer
2023-06-03,129,1679.95,580.92,95.21,59,28.47,Saturday,Summer
2023-06-04,106,1565.63,405.44,78.7,45,34.79,Sunday,Summer
2023-06-05,107,1377.72,313.36,139.81,49,28.12,Monday,Summer
2023-06-06,139,1593.09,377.9,95.26,58,27.47,Tuesday,Summer
2023-06-07,134,1726.72,491.17,152.22,58,29.77,Wednesday,Summer
2023-06-08,135,1844.51,467.4,133.41,54,34.16,Thursday,Summer
2023-06-09,178,2355.07,487.15,134.98,69,34.13,Friday,Summer
2023-06-10,108,1378.18,382.55,51.92,53,26.0,Saturday,Summer
2023-06-11,110,1496.0,344.01,153.98,46,32.52,Sunday,Summer
2023-06-12,132,1815.52,555.91,114.9,51,35.6,Monday,Summer
2023-06-13,96,1351.03,381.53,88.65,58,23.29,Tuesday,Summer
2023-06-14,139,1803.26,426.62,108.14,41,43.98,Wednesday,Summer
2023-06-15,156,1832.89,528.66,30.36,71,25.82,Thursday,Summer
2023-06-16,178,2175.17,548.22,116.77,63,34.53,Friday,Summer
2023-06-17,148,2043.84,563.25,58.28,61,33.51,Saturday,Summer
2023-06-18,92,991.26,262.23,44.4,43,23.05,Sunday,Summer
2023-06-19,101,1267.85,284.77,36.67,55,23.05,Monday,Summer
2023-06-20,92,1049.72,242.16,141.16,42,24.99,Tuesday,Summer
2023-06-21,109,1312.7,368.74,70.58,67,19.59,Wednesday,Summer
2023-06-22,146,2031.98,487.59,156.21,78,26.05,Thursday,Summer
2023-06-23,168,2064.16,491.04,72.57,83,24.87,Friday,Summer
2023-06-24,121,1460.43,323.26,24.86,54,27.04,Saturday,Summer
2023-06-25,106,1055.78,277.36,47.66,48,22.0,Sunday,Summer
2023-06-26,110,1443.13,450.08,140.94,46,31.37,Monday,Summer
2023-06-27,125,1621.03,353.34,84.48,56,28.95,Tuesday,Summer
2023-06-28,115,1753.16,439.56,68.02,70,25.05,Wednesday,Summer
2023-06-29,186,2146.13,627.46,95.6,79,27.17,Thursday,Summer
2023-06-30,171,2108.21,522.02,108.53,72,29.28,Friday,Summer
2023-07-01,102,1262.16,332.67,132.44,58,21.76,Saturday,Summer
2023-07-02,75,1077.46,235.02,144.99,33,32.65,Sunday,Summer
2023-07-03,115,1363.56,358.41,71.99,57,23.92,Monday,Summer
2023-07-04,98,1217.02,297.42,32.69,53,22.96,Tuesday,Summer
2023-07-05,128,1652.72,462.05,68.56,42,39.35,Wednesday,Summer
2023-07-06,151,1854.27,529.62,94.9,61,30.4,Thursday,Summer
2023-07-07,158,1790.2,586.63,45.34,76,23.56,Friday,Summer
2023-07-08,101,1241.4,331.94,45.04,53,23.42,Saturday,Summer
2023-07-09,67,911.9,236.89,96.53,34,26.82,Sunday,Summer
2023-07-10,99,1035.56,264.93,80.3,55,18.83,Monday,Summer
2023-07-11,113,1378.54,330.03,83.06,51,27.03,Tuesday,Summer
2023-07-12,120,1313.98,341.84,50.92,56,23.46,Wednesday,Summer
2023-07-13,123,1696.49,409.09,71.59,64,26.51,Thursday,Summer
2023-07-14,161,1564.15,398.94,43.39,87,17.98,Friday,Summer
2023-07-15,118,1317.07,381.33,115.56,69,19.09,Saturday,Summer
2023-07-16,76,955.0,209.91,120.96,40,23.88,Sunday,Summer
2023-07-17,107,1535.27,436.32,5.34,47,32.67,Monday,Summer
2023-07-18,100,1190.14,344.56,41.65,53,22.46,Tuesday,Summer
2023-07-19,98,1094.39,269.72,18.65,55,19.9,Wednesday,Summer
2023-07-20,147,2178.8,406.01,52.21,69,31.58,Thursday,Summer
2023-07-21,166,1631.44,378.11,74.59,85,19.19,Friday,Summer
2023-07-22,128,1113.83,321.8,19.69,40,27.85,Saturday,Summer
2023-07-23,104,1316.64,328.26,40.56,55,23.94,Sunday,Summer
2023-07-24,84,944.74,207.86,37.07,53,17.83,Monday,Summer
2023-07-25,85,889.79,208.97,85.33,46,19.34,Tuesday,Summer
2023-07-26,123,1606.69,442.19,79.65,57,28.19,Wednesday,Summer
2023-07-27,149,1842.49,490.84,47.87,70,26.32,Thursday,Summer
2023-07-28,165,1840.39,446.91,83.7,65,28.31,Friday,Summer
2023-07-29,169,1703.44,407.11,54.66,68,25.05,Saturday,Summer
2023-07-30,97,1290.94,307.56,65.59,45,28.69,Sunday,Summer
2023-07-31,122,1582.99,351.94,143.35,56,28.27,Monday,Summer
2023-08-01,113,1339.19,399.7,130.01,57,23.49,Tuesday,Summer
2023-08-02,125,1846.24,443.71,24.41,50,36.92,Wednesday,Summer
2023-08-03,137,1424.1,408.03,109.61,75,18.99,Thursday,Summer
2023-08-04,169,1641.28,485.23,108.93,77,21.32,Friday,Summer
2023-08-05,100,1096.21,306.88,30.61,63,17.4,Saturday,Summer
2023-08-06,85,1014.19,240.42,109.39,27,37.56,Sunday,Summer
2023-08-07,98,1211.77,317.62,138.28,52,23.3,Monday,Summer
2023-08-08,101,1175.45,293.01,32.0,45,26.12,Tuesday,Summer
2023-08-09,151,1891.74,421.65,40.37,61,31.01,Wednesday,Summer
2023-08-10,114,1153.99,299.73,117.97,75,15.39,Thursday,Summer
2023-08-11,169,2393.99,513.82,88.34,73,32.79,Friday,Summer
2023-08-12,89,1057.03,301.92,99.77,50,21.14,Saturday,Summer
2023-08-13,82,1121.43,264.73,91.6,44,25.49,Sunday,Summer
2023-08-14,122,1526.72,390.89,93.89,46,33.19,Monday,Summer
2023-08-15,102,1293.88,334.47,25.51,57,22.7,Tuesday,Summer
2023-08-16,101,1298.32,314.5,120.79,55,23.61,Wednesday,Summer
2023-08-17,132,1672.65,447.6,126.04,48,34.85,Thursday,Summer
2023-08-18,170,2203.89,519.57,70.45,76,29.0,Friday,Summer
2023-08-19,103,1441.35,398.01,,48,30.03,Saturday,Summer
2023-08-20,94,1155.71,242.26,19.21,32,36.12,Sunday,Summer
2023-08-21,108,1410.86,358.06,101.47,43,32.81,Monday,Summer
2023-08-22,92,1091.62,336.4,104.25,51,21.4,Tuesday,Summer
2023-08-23,151,2138.19,470.38,79.37,69,30.99,Wednesday,Summer
2023-08-24,154,1691.75,388.54,127.34,74,22.86,Thursday,Summer
2023-08-25,131,1925.88,511.16,69.54,74,26.03,Friday,Summer
2023-08-26,119,1420.83,362.86,106.04,60,23.68,Saturday,Summer
2023-08-27,83,817.87,213.07,43.25,41,19.95,Sunday,Summer
2023-08-28,122,1487.44,393.69,83.69,47,31.65,Monday,Summer
2023-08-29,92,1010.01,271.73,78.28,41,24.63,Tuesday,Summer
2023-08-30,119,1578.05,447.05,94.91,44,35.86,Wednesday,Summer
2023-08-31,155,1708.26,448.07,71.78,68,25.12,Thursday,Summer
2023-09-01,177,2005.54,486.87,81.99,81,24.76,Friday,Fall
2023-09-02,100,916.57,247.64,120.99,56,16.37,Saturday,Fall
2023-09-03,90,1018.94,312.81,71.21,42,24.26,Sunday,Fall
2023-09-04,105,878.24,216.07,25.16,46,19.09,Monday,Fall
2023-09-05,97,933.54,206.09,160.17,55,16.97,Tuesday,Fall
2023-09-06,150,1971.09,558.24,146.23,48,41.06,Wednesday,Fall
2023-09-07,156,2055.88,506.55,40.09,78,26.36,Thursday,Fall
2023-09-08,147,1857.81,343.36,120.2,72,25.8,Friday,Fall
2023-09-09,135,1424.19,392.25,73.33,51,27.93,Saturday,Fall
2023-09-10,130,1550.7,362.77,104.85,33,46.99,Sunday,Fall
2023-09-11,130,1559.3,385.59,106.97,49,31.82,Monday,Fall
2023-09-12,87,892.83,232.1,86.72,58,15.39,Tuesday,Fall
2023-09-13,119,1696.36,433.78,65.67,63,26.93,Wednesday,Fall
2023-09-14,172,2290.36,621.34,70.33,79,28.99,Thursday,Fall
2023-09-15,159,1855.3,439.59,62.26,84,22.09,Friday,Fall
2023-09-16,131,1577.28,418.6,66.61,48,32.86,Saturday,Fall
2023-09-17,113,1391.32,337.0,98.18,43,32.36,Sunday,Fall
2023-09-18,104,929.49,252.97,73.24,47,19.78,Monday,Fall
2023-09-19,112,1302.47,349.66,130.18,61,21.35,Tuesday,Fall
2023-09-20,81,889.14,197.33,163.42,49,18.15,Wednesday,Fall
2023-09-21,141,1480.16,418.26,81.79,79,18.74,Thursday,Fall
2023-09-22,169,1956.74,457.72,115.64,87,22.49,Friday,Fall
2023-09-23,109,1601.92,439.31,127.13,72,22.25,Saturday,Fall
2023-09-24,129,1672.0,436.42,127.13,42,39.81,Sunday,Fall
2023-09-25,100,1114.32,340.03,112.4,59,18.89,Monday,Fall
2023-09-26,110,1414.48,344.14,140.2,69,20.5,Tuesday,Fall
2023-09-27,135,1903.37,455.9,130.92,54,35.25,Wednesday,Fall
2023-09-28,182,2436.42,607.69,63.28,60,40.61,Thursday,Fall
2023-09-29,155,1873.86,451.42,148.73,65,28.83,Friday,Fall
2023-09-30,149,1643.41,450.29,150.64,63,26.09,Saturday,Fall
2023-10-01,109,1422.16,286.58,85.81,30,47.41,Sunday,Fall
2023-10-02,111,1397.52,305.2,119.07,51,27.4,Monday,Fall
2023-10-03,127,1694.53,369.35,146.11,54,31.38,Tuesday,Fall
2023-10-04,140,1813.39,505.05,111.63,60,30.22,Wednesday,Fall
2023-10-05,155,2104.02,633.98,164.17,75,28.05,Thursday,Fall
2023-10-06,182,2037.88,503.08,217.06,82,24.85,Friday,Fall
2023-10-07,130,1816.89,445.02,92.33,68,26.72,Saturday,Fall
2023-10-08,114,1401.79,353.39,69.8,38,36.89,Sunday,Fall
2023-10-09,140,2115.8,602.7,138.48,48,44.08,Monday,Fall
2023-10-10,149,1633.97,363.03,156.49,45,36.31,Tuesday,Fall
2023-10-11,123,1796.29,461.92,119.7,66,27.22,Wednesday,Fall
2023-10-12,200,2459.37,686.79,188.37,79,31.13,Thursday,Fall
2023-10-13,156,1719.57,455.74,78.02,84,20.47,Friday,Fall
2023-10-14,138,1555.84,397.81,160.61,67,23.22,Saturday,Fall
2023-10-15,126,1451.45,406.45,110.0,36,40.32,Sunday,Fall
2023-10-16,139,1756.44,296.67,204.35,67,26.22,Monday,Fall
2023-10-17,120,1534.11,414.73,216.63,63,24.35,Tuesday,Fall
2023-10-18,143,1592.94,366.98,107.62,65,24.51,Wednesday,Fall
2023-10-19,165,1973.97,385.08,117.67,87,22.69,Thursday,Fall
2023-10-20,181,2753.63,730.64,175.4,67,41.1,Friday,Fall
2023-10-21,157,2290.84,667.11,126.91,53,43.22,Saturday,Fall
2023-10-22,127,1607.12,395.15,141.96,40,40.18,Sunday,Fall
2023-10-23,128,1543.3,429.94,146.17,60,25.72,Monday,Fall
2023-10-24,147,1790.47,534.22,69.76,43,41.64,Tuesday,Fall
2023-10-25,155,2002.64,579.66,147.38,65,30.81,Wednesday,Fall
2023-10-26,189,1978.04,591.83,121.74,83,23.83,Thursday,Fall
2023-10-27,204,2369.24,645.06,131.0,86,27.55,Friday,Fall
2023-10-28,137,1301.11,328.22,209.87,60,21.69,Saturday,Fall
2023-10-29,118,1486.66,300.22,103.27,38,39.12,Sunday,Fall
2023-10-30,155,2010.47,487.78,187.46,48,41.88,Monday,Fall
2023-10-31,147,1657.46,372.44,145.18,61,27.17,Tuesday,Fall
2023-11-01,155,2225.95,701.46,146.55,66,33.73,Wednesday,Fall
2023-11-02,184,1869.69,457.56,190.76,72,25.97,Thursday,Fall
2023-11-03,218,2137.15,542.19,174.16,77,27.76,Friday,Fall
2023-11-04,145,1788.82,476.8,184.79,42,42.59,Saturday,Fall
2023-11-05,139,1886.32,474.05,202.09,38,49.64,Sunday,Fall
2023-11-06,145,2106.25,633.67,151.52,70,30.09,Monday,Fall
2023-11-07,140,1583.63,366.33,141.68,41,38.63,Tuesday,Fall
2023-11-08,176,2396.77,613.19,124.17,61,39.29,Wednesday,Fall
2023-11-09,199,2376.51,541.19,135.95,81,29.34,Thursday,Fall
2023-11-10,216,2536.07,533.59,288.33,71,35.72,Friday,Fall
2023-11-11,178,2371.94,549.45,221.54,59,40.2,Saturday,Fall
2023-11-12,136,1765.07,439.31,119.1,54,32.69,Sunday,Fall
2023-11-13,163,1570.57,372.42,121.63,55,28.56,Monday,Fall
2023-11-14,143,2032.72,465.96,195.18,75,27.1,Tuesday,Fall
2023-11-15,169,2377.85,494.14,199.17,47,50.59,Wednesday,Fall
2023-11-16,189,2090.65,517.45,200.61,81,25.81,Thursday,Fall
2023-11-17,209,2632.08,539.2,169.82,80,32.9,Friday,Fall
2023-11-18,172,2191.46,597.83,176.35,64,34.24,Saturday,Fall
2023-11-19,128,1586.05,400.44,195.84,50,31.72,Sunday,Fall
2023-11-20,189,2111.99,435.65,187.5,49,43.1,Monday,Fall
2023-11-21,137,1505.98,362.53,96.63,54,27.89,Tuesday,Fall
2023-11-22,151,1806.21,410.8,177.54,45,40.14,Wednesday,Fall
2023-11-23,213,2930.69,760.73,154.0,78,37.57,Thursday,Fall
2023-11-24,224,2870.65,833.1,196.38,84,34.17,Friday,Fall
2023-11-25,177,2025.6,392.45,310.08,63,32.15,Saturday,Fall
2023-11-26,154,2026.26,513.56,206.67,55,36.84,Sunday,Fall
2023-11-27,161,1244.08,305.04,180.71,58,21.45,Monday,Fall
2023-11-28,143,1962.41,530.13,231.4,53,37.03,Tuesday,Fall
2023-11-29,174,1633.93,418.93,215.1,53,30.83,Wednesday,Fall
2023-11-30,190,2176.7,495.07,213.85,67,32.49,Thursday,Fall
2023-12-01,231,2384.03,573.19,222.57,91,26.2,Friday,Winter
2023-12-02,169,1699.8,384.36,281.79,70,24.28,Saturday,Winter
2023-12-03,136,1868.81,527.53,155.51,45,41.53,Sunday,Winter
2023-12-04,161,1819.05,455.93,220.9,55,33.07,Monday,Winter
2023-12-05,167,2090.8,641.95,166.1,45,46.46,Tuesday,Winter
2023-12-06,169,2016.11,500.36,226.56,70,28.8,Wednesday,Winter
2023-12-07,192,2441.39,558.46,168.76,79,30.9,Thursday,Winter
2023-12-08,224,2713.81,555.21,189.97,97,27.98,Friday,Winter
2023-12-09,179,1803.52,353.32,196.01,52,34.68,Saturday,Winter
2023-12-10,145,1956.69,396.18,247.97,44,44.47,Sunday,Winter
2023-12-11,163,1835.28,473.53,246.79,57,32.2,Monday,Winter
2023-12-12,168,1623.74,430.72,161.33,57,28.49,Tuesday,Winter
2023-12-13,159,1805.89,365.81,214.44,59,30.61,Wednesday,Winter
2023-12-14,187,2664.96,737.8,184.93,66,40.38,Thursday,Winter
2023-12-15,214,2840.92,669.06,164.03,89,31.92,Friday,Winter
2023-12-16,176,2019.96,513.89,206.72,64,31.56,Saturday,Winter
2023-12-17,161,1847.65,551.28,204.09,40,46.19,Sunday,Winter
2023-12-18,195,2245.92,621.91,314.5,66,34.03,Monday,Winter
2023-12-19,181,2735.84,661.92,235.74,62,44.13,Tuesday,Winter
2023-12-20,182,2288.27,510.89,164.29,62,36.91,Wednesday,Winter
2023-12-21,211,2668.11,494.79,197.76,74,36.06,Thursday,Winter
2023-12-22,213,2885.18,659.05,262.14,86,33.55,Friday,Winter
2023-12-23,182,2249.19,548.05,305.74,52,43.25,Saturday,Winter
2023-12-24,155,1799.77,396.64,159.66,47,38.29,Sunday,Winter
2023-12-25,181,2118.69,521.33,148.79,38,55.76,Monday,Winter
2023-12-26,159,1890.92,477.09,299.69,60,31.52,Tuesday,Winter
2023-12-27,195,2329.11,566.57,241.28,48,48.52,Wednesday,Winter
2023-12-28,237,3102.67,715.17,191.79,86,36.08,Thursday,Winter
2023-12-29,229,2765.84,705.45,248.71,79,35.01,Friday,Winter
2023-12-30,191,2501.9,658.65,122.68,57,43.89,Saturday,Winter
2023-12-31,173,2055.05,446.54,229.01,42,48.93,Sunday,Winter
2024-01-01,173,2096.41,612.84,242.73,53,39.55,Monday,Winter
2024-01-02,177,1593.48,393.66,267.32,64,24.9,Tuesday,Winter
2024-01-03,191,2554.53,640.08,190.5,41,62.31,Wednesday,Winter
2024-01-04,218,2729.3,740.31,235.17,84,32.49,Thursday,Winter
2024-01-05,222,2996.34,770.05,195.38,85,35.25,Friday,Winter
2024-01-06,188,1439.26,400.97,243.26,49,29.37,Saturday,Winter
2024-01-07,172,2602.8,673.12,197.85,39,66.74,Sunday,Winter
2024-01-08,203,2393.49,554.4,217.94,69,34.69,Monday,Winter
2024-01-09,190,2595.83,677.11,195.01,45,57.69,Tuesday,Winter
2024-01-10,225,2349.03,506.66,261.44,52,45.17,Wednesday,Winter
2024-01-11,207,2674.27,677.28,270.27,83,32.22,Thursday,Winter
2024-01-12,249,2594.55,646.05,227.06,85,30.52,Friday,Winter
2024-01-13,193,2135.42,520.52,238.47,52,41.07,Saturday,Winter
2024-01-14,200,2974.21,732.08,179.46,49,60.7,Sunday,Winter
2024-01-15,171,2003.09,387.69,225.86,48,41.73,Monday,Winter
2024-01-16,165,2033.81,474.97,236.26,62,32.8,Tuesday,Winter
2024-01-17,185,2461.44,622.22,343.5,70,35.16,Wednesday,Winter
2024-01-18,189,2408.53,613.68,194.57,78,30.88,Thursday,Winter
2024-01-19,229,2799.67,613.6,297.97,85,32.94,Friday,Winter
2024-01-20,180,2258.54,650.39,279.61,73,30.94,Saturday,Winter
2024-01-21,170,2652.87,594.28,251.27,48,55.27,Sunday,Winter
2024-01-22,190,2263.58,631.73,310.67,47,48.16,Monday,Winter
2024-01-23,207,2546.44,669.24,255.47,57,44.67,Tuesday,Winter
2024-01-24,210,2850.96,657.47,256.39,78,36.55,Wednesday,Winter
2024-01-25,213,2909.22,882.25,238.91,66,44.08,Thursday,Winter
2024-01-26,225,3100.62,664.12,290.17,80,38.76,Friday,Winter
2024-01-27,200,2591.62,719.37,285.25,63,41.14,Saturday,Winter
2024-01-28,149,1532.54,429.14,216.51,47,32.61,Sunday,Winter
2024-01-29,213,3077.88,707.55,188.89,48,64.12,Monday,Winter
2024-01-30,198,2035.54,593.92,233.64,62,32.83,Tuesday,Winter
2024-01-31,189,2353.8,570.79,209.83,80,29.42,Wednesday,Winter
2024-02-01,197,2141.11,553.82,239.34,76,28.17,Thursday,Winter
2024-02-02,259,3083.08,794.85,291.4,75,41.11,Friday,Winter
2024-02-03,191,2386.19,586.93,223.61,47,50.77,Saturday,Winter
2024-02-04,188,2346.62,643.73,240.17,50,46.93,Sunday,Winter
2024-02-05,162,2046.53,560.35,244.16,65,31.49,Monday,Winter
2024-02-06,172,2480.34,489.98,275.71,57,43.51,Tuesday,Winter
2024-02-07,197,2498.02,722.25,151.8,62,40.29,Wednesday,Winter
2024-02-08,223,2594.33,519.19,217.29,70,37.06,Thursday,Winter
2024-02-09,232,3119.5,876.51,249.87,74,42.16,Friday,Winter
2024-02-10,203,2798.19,794.13,289.26,67,41.76,Saturday,Winter
2024-02-11,154,1564.42,339.9,221.4,55,28.44,Sunday,Winter
2024-02-12,184,2372.88,563.98,165.8,44,53.93,Monday,Winter
2024-02-13,182,2375.42,515.06,265.42,66,35.99,Tuesday,Winter
2024-02-14,204,2356.95,574.04,214.96,66,35.71,Wednesday,Winter
2024-02-15,233,3276.81,788.92,192.51,86,38.1,Thursday,Winter
2024-02-16,222,2614.03,714.65,214.82,72,36.31,Friday,Winter
2024-02-17,170,2072.02,599.45,232.08,49,42.29,Saturday,Winter
2024-02-18,188,2207.19,644.21,214.93,47,46.96,Sunday,Winter
2024-02-19,191,2296.46,535.39,150.52,61,37.65,Monday,Winter
2024-02-20,168,1739.74,424.02,274.23,68,25.58,Tuesday,Winter
2024-02-21,219,2154.94,429.9,288.93,67,32.16,Wednesday,Winter
2024-02-22,223,3209.36,724.75,263.56,73,43.96,Thursday,Winter
2024-02-23,255,2736.04,763.21,191.53,75,36.48,Friday,Winter
2024-02-24,193,2028.99,605.59,228.49,70,28.99,Saturday,Winter
2024-02-25,199,1745.21,371.68,235.79,41,42.57,Sunday,Winter
2024-02-26,211,2329.77,541.03,259.48,70,33.28,Monday,Winter
2024-02-27,175,1752.69,436.78,261.71,52,33.71,Tuesday,Winter
2024-02-28,209,3022.77,781.1,205.04,75,40.3,Wednesday,Winter
2024-02-29,230,3108.39,701.6,237.1,80,38.85,Thursday,Winter
2024-03-01,257,2818.72,740.54,251.5,82,34.37,Friday,Spring
2024-03-02,176,2706.64,638.18,290.81,56,48.33,Saturday,Spring
2024-03-03,177,2384.66,595.13,260.1,46,51.84,Sunday,Spring
2024-03-04,199,2291.04,610.31,262.81,60,38.18,Monday,Spring
2024-03-05,151,1245.88,311.71,233.91,55,22.65,Tuesday,Spring
2024-03-06,175,2701.37,639.98,286.26,57,47.39,Wednesday,Spring
2024-03-07,188,1864.14,459.91,245.5,74,25.19,Thursday,Spring
2024-03-08,231,2201.87,544.63,193.91,84,26.21,Friday,Spring
2024-03-09,199,2693.24,643.41,283.71,43,62.63,Saturday,Spring
2024-03-10,187,2928.35,709.35,254.7,52,56.31,Sunday,Spring
2024-03-11,182,2561.91,763.35,208.26,49,52.28,Monday,Spring
2024-03-12,199,2556.33,682.1,205.97,45,56.81,Tuesday,Spring
2024-03-13,170,2191.66,528.49,236.16,49,44.73,Wednesday,Spring
2024-03-14,191,2536.5,687.16,241.96,61,41.58,Thursday,Spring
2024-03-15,232,3048.11,731.5,230.44,73,41.75,Friday,Spring
2024-03-16,192,2384.98,680.18,234.1,55,43.36,Saturday,Spring
2024-03-17,162,1969.32,514.17,288.73,64,30.77,Sunday,Spring
2024-03-18,148,1762.1,434.85,262.66,53,33.25,Monday,Spring
2024-03-19,171,1858.61,,226.47,56,33.19,Tuesday,Spring
2024-03-20,169,1956.85,396.99,255.53,66,29.65,Wednesday,Spring
2024-03-21,224,2119.17,458.16,175.59,76,27.88,Thursday,Spring
2024-03-22,235,2785.34,596.57,231.81,83,33.56,Friday,Spring
2024-03-23,170,1787.91,454.64,287.25,51,35.06,Saturday,Spring
2024-03-24,152,1572.38,474.82,205.12,61,25.78,Sunday,Spring
2024-03-25,160,1963.17,622.21,178.89,72,27.27,Monday,Spring
2024-03-26,169,2380.87,640.79,185.66,41,58.07,Tuesday,Spring
2024-03-27,200,2675.49,709.07,167.08,54,49.55,Wednesday,Spring
2024-03-28,196,1890.27,370.43,178.18,73,25.89,Thursday,Spring
2024-03-29,235,2471.16,577.56,193.65,76,32.52,Friday,Spring
2024-03-30,173,2320.13,525.2,151.13,65,35.69,Saturday,Spring
2024-03-31,145,1526.31,353.15,206.85,43,35.5,Sunday,Spring
2024-04-01,171,1994.38,488.53,241.18,75,26.59,Monday,Spring
2024-04-02,151,1936.59,456.72,167.62,64,30.26,Tuesday,Spring
2024-04-03,174,1835.26,349.84,263.54,64,28.68,Wednesday,Spring
2024-04-04,190,2310.03,629.34,222.02,84,27.5,Thursday,Spring
2024-04-05,253,2529.74,551.02,241.63,93,27.2,Friday,Spring
2024-04-06,178,1975.43,508.04,172.89,56,35.28,Saturday,Spring
2024-04-07,143,1784.59,557.19,232.17,43,41.5,Sunday,Spring
2024-04-08,173,1662.62,369.8,153.1,58,28.67,Monday,Spring
2024-04-09,162,2051.04,357.07,231.15,62,33.08,Tuesday,Spring
2024-04-10,176,2106.82,508.63,201.18,64,32.92,Wednesday,Spring
2024-04-11,214,2745.35,777.01,215.19,63,43.58,Thursday,Spring
2024-04-12,232,2861.92,883.62,144.78,78,36.69,Friday,Spring
2024-04-13,166,2331.67,496.91,154.73,60,38.86,Saturday,Spring
2024-04-14,141,1718.48,455.23,213.15,49,35.07,Sunday,Spring
2024-04-15,162,1839.65,434.23,150.05,73,25.2,Monday,Spring
2024-04-16,125,1522.93,375.89,205.23,44,34.61,Tuesday,Spring
2024-04-17,153,1960.69,645.71,130.72,67,29.26,Wednesday,Spring
2024-04-18,222,2680.27,549.22,218.03,88,30.46,Thursday,Spring
2024-04-19,241,2906.67,748.79,133.5,102,28.5,Friday,Spring
2024-04-20,167,1828.15,482.69,203.58,58,31.52,Saturday,Spring
2024-04-21,155,1705.88,482.04,205.2,53,32.19,Sunday,Spring
2024-04-22,167,1652.65,418.02,150.98,62,26.66,Monday,Spring
2024-04-23,202,2954.12,765.83,200.81,56,52.75,Tuesday,Spring
2024-04-24,189,1915.36,456.34,186.61,62,30.89,Wednesday,Spring
2024-04-25,195,2137.33,551.59,153.31,80,26.72,Thursday,Spring
2024-04-26,199,2173.56,521.01,133.19,64,33.96,Friday,Spring
2024-04-27,143,1907.96,512.57,93.68,67,28.48,Saturday,Spring
2024-04-28,146,1687.41,403.14,184.83,51,33.09,Sunday,Spring
2024-04-29,147,2039.13,532.85,106.91,56,36.41,Monday,Spring
2024-04-30,131,1439.66,358.65,171.98,71,20.28,Tuesday,Spring
2024-05-01,158,1962.12,556.81,156.28,58,33.83,Wednesday,Spring
2024-05-02,177,1902.22,472.62,192.64,73,26.06,Thursday,Spring
2024-05-03,235,3576.17,703.82,152.04,100,35.76,Friday,Spring
2024-05-04,176,1798.47,517.7,149.6,55,32.7,Saturday,Spring
2024-05-05,139,1732.6,386.07,190.71,45,38.5,Sunday,Spring
2024-05-06,177,2292.27,528.11,173.49,57,40.22,Monday,Spring
2024-05-07,150,1893.1,439.45,171.39,62,30.53,Tuesday,Spring
2024-05-08,151,1770.03,515.49,176.17,65,27.23,Wednesday,Spring
2024-05-09,213,2514.52,467.52,94.64,66,38.1,Thursday,Spring
2024-05-10,214,2582.06,888.57,185.0,80,32.28,Friday,Spring
2024-05-11,144,1696.25,477.8,177.89,57,29.76,Saturday,Spring
2024-05-12,132,1774.85,455.6,111.4,49,36.22,Sunday,Spring
2024-05-13,138,2113.58,524.91,140.97,62,34.09,Monday,Spring
2024-05-14,124,1384.31,357.94,147.84,59,23.46,Tuesday,Spring
2024-05-15,174,1730.48,459.67,142.72,49,35.32,Wednesday,Spring
2024-05-16,215,2551.53,687.27,160.14,85,30.02,Thursday,Spring
2024-05-17,181,2872.39,765.97,202.73,87,33.02,Friday,Spring
2024-05-18,164,1770.3,447.33,187.45,73,24.25,Saturday,Spring
2024-05-19,122,1763.96,430.55,90.39,54,32.67,Sunday,Spring
2024-05-20,140,2032.32,498.86,166.48,67,30.33,Monday,Spring
2024-05-21,132,1474.39,359.98,193.47,59,24.99,Tuesday,Spring
2024-05-22,144,1850.9,525.68,154.51,74,25.01,Wednesday,Spring
2024-05-23,183,2642.99,707.81,181.41,81,32.63,Thursday,Spring
2024-05-24,186,2126.22,344.0,217.0,84,25.31,Friday,Spring
2024-05-25,156,1824.36,491.99,176.21,80,22.8,Saturday,Spring
2024-05-26,127,1413.19,361.55,143.99,57,24.79,Sunday,Spring
2024-05-27,140,1466.9,365.9,174.59,63,23.28,Monday,Spring
2024-05-28,124,1367.23,325.87,137.36,45,30.38,Tuesday,Spring
2024-05-29,145,1473.79,418.15,131.31,53,27.81,Wednesday,Spring
2024-05-30,190,2289.71,637.51,115.1,79,28.98,Thursday,Spring
2024-05-31,202,2190.7,496.88,190.5,86,25.47,Friday,Spring
2024-06-01,134,1654.99,433.96,94.05,57,29.03,Saturday,Summer
2024-06-02,126,1217.94,268.98,186.91,51,23.88,Sunday,Summer
2024-06-03,152,1899.44,396.24,144.45,71,26.75,Monday,Summer
2024-06-04,109,1444.28,333.92,67.34,61,23.68,Tuesday,Summer
2024-06-05,158,1423.48,392.7,136.89,55,25.88,Wednesday,Summer
2024-06-06,166,2085.14,580.91,37.06,76,27.44,Thursday,Summer
2024-06-07,200,2768.3,734.69,144.98,79,35.04,Friday,Summer
2024-06-08,134,1364.86,370.9,154.27,59,23.13,Saturday,Summer
2024-06-09,94,1363.83,362.08,94.09,47,29.02,Sunday,Summer
2024-06-10,113,1427.02,329.29,121.66,55,25.95,Monday,Summer
2024-06-11,132,1444.41,379.82,193.84,46,31.4,Tuesday,Summer
2024-06-12,151,1799.37,493.05,94.41,63,28.56,Wednesday,Summer
2024-06-13,159,2041.16,556.48,71.26,73,27.96,Thursday,Summer
2024-06-14,198,2398.57,685.19,,62,38.69,Friday,Summer
2024-06-15,118,1511.36,409.96,190.13,79,19.13,Saturday,Summer
2024-06-16,118,1253.04,326.47,110.8,59,21.24,Sunday,Summer
2024-06-17,117,1433.72,404.46,150.15,56,25.6,Monday,Summer
2024-06-18,119,1175.65,292.98,162.42,56,20.99,Tuesday,Summer
2024-06-19,145,1715.81,383.56,78.13,55,31.2,Wednesday,Summer
2024-06-20,157,1671.13,409.61,87.52,91,18.36,Thursday,Summer
2024-06-21,180,1961.41,446.52,155.28,101,19.42,Friday,Summer
2024-06-22,155,2147.39,493.35,172.57,64,33.55,Saturday,Summer
2024-06-23,108,1472.79,361.81,126.83,59,24.96,Sunday,Summer
2024-06-24,145,1872.49,423.61,68.29,60,31.21,Monday,Summer
2024-06-25,110,1139.77,274.41,182.15,46,24.78,Tuesday,Summer
2024-06-26,150,1728.81,333.99,80.64,61,28.34,Wednesday,Summer
2024-06-27,190,2625.73,673.23,87.69,78,33.66,Thursday,Summer
2024-06-28,147,1795.25,448.88,114.03,82,21.89,Friday,Summer
2024-06-29,126,1950.35,439.78,161.77,61,31.97,Saturday,Summer
2024-06-30,123,1548.57,417.77,133.04,50,30.97,Sunday,Summer
2024-07-01,128,1572.87,437.46,114.78,59,26.66,Monday,Summer
2024-07-02,130,1499.72,302.6,116.04,57,26.31,Tuesday,Summer
2024-07-03,132,1610.44,365.76,98.59,56,28.76,Wednesday,Summer
2024-07-04,168,1977.58,448.76,118.53,72,27.47,Thursday,Summer
2024-07-05,180,2351.19,521.5,0.0,75,31.35,Friday,Summer
2024-07-06,154,2069.0,568.74,83.13,71,29.14,Saturday,Summer
2024-07-07,117,1266.06,309.15,104.07,34,37.24,Sunday,Summer
2024-07-08,134,1340.42,324.47,47.83,69,19.43,Monday,Summer
2024-07-09,117,1081.75,205.41,108.79,68,15.91,Tuesday,Summer
2024-07-10,132,1684.58,453.26,84.65,62,27.17,Wednesday,Summer
2024-07-11,159,1644.85,350.06,162.56,57,28.86,Thursday,Summer
2024-07-12,187,1640.11,412.98,154.79,83,19.76,Friday,Summer
2024-07-13,129,1623.19,419.3,72.8,62,26.18,Saturday,Summer
2024-07-14,116,1825.78,530.97,84.97,43,42.46,Sunday,Summer
2024-07-15,159,1906.55,401.78,87.65,55,34.66,Monday,Summer
2024-07-16,135,1789.79,285.32,72.17,69,25.94,Tuesday,Summer
2024-07-17,133,1612.32,411.97,97.68,70,23.03,Wednesday,Summer
2024-07-18,182,2157.0,655.76,59.22,70,30.81,Thursday,Summer
2024-07-19,174,2327.88,668.49,44.01,73,31.89,Friday,Summer
2024-07-20,104,1202.72,308.24,113.86,60,20.05,Saturday,Summer
2024-07-21,96,1190.5,280.07,113.87,50,23.81,Sunday,Summer
2024-07-22,99,1235.77,338.87,56.28,64,19.31,Monday,Summer
2024-07-23,116,1275.75,281.68,124.05,52,24.53,Tuesday,Summer
2024-07-24,138,1861.35,491.94,62.78,69,26.98,Wednesday,Summer
2024-07-25,189,2218.4,588.24,98.0,93,23.85,Thursday,Summer
2024-07-26,185,2010.28,566.51,120.54,93,21.62,Friday,Summer
2024-07-27,131,1677.42,558.23,86.26,63,26.63,Saturday,Summer
2024-07-28,123,1310.23,342.98,105.7,50,26.2,Sunday,Summer
2024-07-29,94,1131.97,265.71,66.78,57,19.86,Monday,Summer
2024-07-30,125,1498.29,373.42,79.52,66,22.7,Tuesday,Summer
2024-07-31,149,2030.7,399.9,79.12,60,33.84,Wednesday,Summer
2024-08-01,142,1805.11,413.66,57.49,78,23.14,Thursday,Summer
2024-08-02,197,2356.6,560.21,80.3,87,27.09,Friday,Summer
2024-08-03,139,1838.5,430.72,25.47,59,31.16,Saturday,Summer
2024-08-04,105,1478.96,376.5,67.83,41,36.07,Sunday,Summer
2024-08-05,137,1758.63,396.27,76.18,62,28.36,Monday,Summer
2024-08-06,156,1874.42,531.64,77.44,57,32.88,Tuesday,Summer
2024-08-07,141,1414.55,353.65,78.16,69,20.5,Wednesday,Summer
2024-08-08,168,1747.59,436.41,85.51,74,23.62,Thursday,Summer
2024-08-09,174,2008.34,482.33,107.35,96,20.92,Friday,Summer
2024-08-10,122,1352.46,344.41,123.36,56,24.15,Saturday,Summer
2024-08-11,124,1453.22,399.28,62.62,65,22.36,Sunday,Summer
2024-08-12,116,1401.86,314.0,40.74,46,30.48,Monday,Summer
2024-08-13,124,1586.52,365.31,47.46,61,26.01,Tuesday,Summer
2024-08-14,132,1570.04,378.2,69.96,69,22.75,Wednesday,Summer
2024-08-15,173,2202.25,461.64,75.69,72,30.59,Thursday,Summer
2024-08-16,187,2262.09,509.93,59.32,90,25.13,Friday,Summer
2024-08-17,152,1373.59,323.77,38.65,74,18.56,Saturday,Summer
2024-08-18,106,1122.65,310.11,72.64,34,33.02,Sunday,Summer
2024-08-19,126,1484.77,382.89,98.56,64,23.2,Monday,Summer
2024-08-20,110,1120.4,286.61,115.54,37,30.28,Tuesday,Summer
2024-08-21,134,1728.59,476.27,69.91,58,29.8,Wednesday,Summer
2024-08-22,173,2473.23,608.11,76.17,92,26.88,Thursday,Summer
2024-08-23,195,2696.49,705.71,56.13,82,32.88,Friday,Summer
2024-08-24,124,1448.3,357.59,92.47,54,26.82,Saturday,Summer
2024-08-25,128,1822.22,470.06,60.34,50,36.44,Sunday,Summer
2024-08-26,152,1857.9,431.99,117.77,77,24.13,Monday,Summer
2024-08-27,133,1528.75,270.34,24.01,43,35.55,Tuesday,Summer
2024-08-28,171,1894.66,466.03,81.67,57,33.24,Wednesday,Summer
2024-08-29,158,1824.31,533.94,108.74,91,20.05,Thursday,Summer
2024-08-30,167,1906.76,529.67,104.71,102,18.69,Friday,Summer
2024-08-31,114,1397.14,389.75,205.75,63,22.18,Saturday,Summer
2024-09-01,140,1713.72,491.98,112.72,42,40.8,Sunday,Fall
2024-09-02,144,1728.66,436.76,59.29,77,22.45,Monday,Fall
2024-09-03,128,1619.89,414.56,96.37,70,23.14,Tuesday,Fall
2024-09-04,150,2067.9,478.66,,71,29.13,Wednesday,Fall
2024-09-05,155,2080.77,500.46,98.51,72,28.9,Thursday,Fall
2024-09-06,225,2198.85,590.33,69.21,87,25.27,Friday,Fall
2024-09-07,145,1184.52,338.91,139.97,63,18.8,Saturday,Fall
2024-09-08,122,1634.98,401.91,82.21,55,29.73,Sunday,Fall
2024-09-09,148,1472.55,348.25,100.38,72,20.45,Monday,Fall
2024-09-10,139,1621.14,405.31,80.51,65,24.94,Tuesday,Fall
2024-09-11,152,1557.21,417.39,176.38,57,27.32,Wednesday,Fall
2024-09-12,163,1515.42,313.21,94.89,90,16.84,Thursday,Fall
2024-09-13,199,2549.63,461.78,181.98,90,28.33,Friday,Fall
2024-09-14,174,2286.14,533.78,142.19,70,32.66,Saturday,Fall
2024-09-15,143,1592.34,339.77,129.87,64,24.88,Sunday,Fall
2024-09-16,164,1330.6,312.37,126.33,52,25.59,Monday,Fall
2024-09-17,127,1419.94,348.69,128.33,58,24.48,Tuesday,Fall
2024-09-18,137,1724.52,407.68,36.49,62,27.81,Wednesday,Fall
2024-09-19,176,1721.57,505.41,103.48,67,25.7,Thursday,Fall
2024-09-20,196,2405.91,625.06,149.49,90,26.73,Friday,Fall
2024-09-21,166,1988.19,514.97,114.79,84,23.67,Saturday,Fall
2024-09-22,101,1299.76,349.2,61.62,38,34.2,Sunday,Fall
2024-09-23,167,2033.95,439.0,116.83,61,33.34,Monday,Fall
2024-09-24,136,1433.49,403.06,188.2,63,22.75,Tuesday,Fall
2024-09-25,149,2055.43,509.19,171.04,67,30.68,Wednesday,Fall
2024-09-26,167,1964.29,530.58,119.82,78,25.18,Thursday,Fall
2024-09-27,174,2080.87,453.31,161.52,77,27.02,Friday,Fall
2024-09-28,166,1759.62,357.88,109.97,66,26.66,Saturday,Fall
2024-09-29,132,1496.23,410.77,57.65,47,31.83,Sunday,Fall
2024-09-30,128,1366.12,356.96,90.02,44,31.05,Monday,Fall
2024-10-01,123,1444.09,321.94,190.72,68,21.24,Tuesday,Fall
2024-10-02,154,2243.4,502.32,118.46,74,30.32,Wednesday,Fall
2024-10-03,211,2097.79,595.28,120.92,80,26.22,Thursday,Fall
2024-10-04,199,1906.35,408.56,119.9,89,21.42,Friday,Fall
2024-10-05,135,1917.91,573.99,209.31,73,26.27,Saturday,Fall
2024-10-06,131,1530.87,341.36,199.45,55,27.83,Sunday,Fall
2024-10-07,148,1627.47,438.04,224.43,68,23.93,Monday,Fall
2024-10-08,106,1437.34,345.16,130.61,56,25.67,Tuesday,Fall
2024-10-09,163,1807.93,484.7,150.08,77,23.48,Wednesday,Fall
2024-10-10,187,2756.2,644.06,78.9,82,33.61,Thursday,Fall
2024-10-11,217,2824.66,692.37,199.95,89,31.74,Friday,Fall
2024-10-12,190,2140.95,537.87,95.48,55,38.93,Saturday,Fall
2024-10-13,156,2376.81,522.74,152.19,55,43.21,Sunday,Fall
2024-10-14,152,1685.9,458.94,100.96,55,30.65,Monday,Fall
2024-10-15,134,1757.16,412.24,122.64,53,33.15,Tuesday,Fall
2024-10-16,206,2564.48,623.53,114.06,60,42.74,Wednesday,Fall
2024-10-17,195,2720.76,599.03,124.59,71,38.32,Thursday,Fall
2024-10-18,212,3040.56,526.41,128.7,105,28.96,Friday,Fall
2024-10-19,166,1999.97,488.53,129.7,76,26.32,Saturday,Fall
2024-10-20,146,1587.0,511.61,186.34,69,23.0,Sunday,Fall
2024-10-21,159,2017.7,551.92,110.19,52,38.8,Monday,Fall
2024-10-22,147,1614.56,402.71,164.59,59,27.37,Tuesday,Fall
2024-10-23,164,2463.29,596.4,205.87,56,43.99,Wednesday,Fall
2024-10-24,199,2428.76,608.83,138.02,74,32.82,Thursday,Fall
2024-10-25,208,2382.02,634.6,131.22,81,29.41,Friday,Fall
2024-10-26,160,1964.32,421.5,152.11,75,26.19,Saturday,Fall
2024-10-27,150,1496.9,424.27,209.92,50,29.94,Sunday,Fall
2024-10-28,161,1697.36,460.77,171.9,70,24.25,Monday,Fall
2024-10-29,183,2525.51,685.79,144.29,64,39.46,Tuesday,Fall
2024-10-30,137,1509.01,397.1,186.3,85,17.75,Wednesday,Fall
2024-10-31,220,2294.52,574.98,124.26,68,33.74,Thursday,Fall
2024-11-01,239,3060.39,,197.01,98,31.23,Friday,Fall
2024-11-02,144,1984.11,531.25,187.51,74,26.81,Saturday,Fall
2024-11-03,148,1935.61,463.34,160.26,46,42.08,Sunday,Fall
2024-11-04,164,2213.03,,140.43,70,31.61,Monday,Fall
2024-11-05,144,1564.53,395.91,139.91,62,25.23,Tuesday,Fall
2024-11-06,170,1677.44,497.31,198.17,65,25.81,Wednesday,Fall
2024-11-07,192,2736.38,582.37,227.34,73,37.48,Thursday,Fall
2024-11-08,252,2902.03,597.74,154.09,82,35.39,Friday,Fall
2024-11-09,194,2255.01,574.9,199.31,82,27.5,Saturday,Fall
2024-11-10,176,2462.64,619.42,98.89,54,45.6,Sunday,Fall
2024-11-11,185,2374.35,605.93,160.37,68,34.92,Monday,Fall
2024-11-12,152,1927.94,496.09,183.9,53,36.38,Tuesday,Fall
2024-11-13,178,2714.06,660.34,150.13,61,44.49,Wednesday,Fall
2024-11-14,220,2427.64,715.42,150.44,89,27.28,Thursday,Fall
2024-11-15,212,2839.05,573.41,162.56,78,36.4,Friday,Fall
2024-11-16,195,2356.68,530.59,202.32,62,38.01,Saturday,Fall
2024-11-17,158,1959.66,483.84,184.5,54,36.29,Sunday,Fall
2024-11-18,173,2472.64,496.27,103.81,63,39.25,Monday,Fall
2024-11-19,185,2360.92,577.77,109.86,58,40.71,Tuesday,Fall
2024-11-20,197,2523.07,756.53,171.75,70,36.04,Wednesday,Fall
2024-11-21,212,2885.06,723.07,215.67,86,33.55,Thursday,Fall
2024-11-22,252,2886.05,741.49,88.78,94,30.7,Friday,Fall
2024-11-23,173,1858.23,394.31,180.01,58,32.04,Saturday,Fall
2024-11-24,176,1836.17,425.09,180.26,52,35.31,Sunday,Fall
2024-11-25,192,1737.69,414.86,258.14,72,24.13,Monday,Fall
2024-11-26,174,2624.67,631.15,188.49,66,39.77,Tuesday,Fall
2024-11-27,200,2069.04,596.81,220.49,56,36.95,Wednesday,Fall
2024-11-28,203,2368.63,631.79,212.09,83,28.54,Thursday,Fall
2024-11-29,252,2919.36,632.5,122.47,73,39.99,Friday,Fall
2024-11-30,191,2380.07,612.62,239.67,66,36.06,Saturday,Fall
2024-12-01,163,2155.45,571.08,218.79,69,31.24,Sunday,Winter
2024-12-02,203,2698.01,766.79,231.73,55,49.05,Monday,Winter
2024-12-03,172,1913.57,569.13,369.66,53,36.11,Tuesday,Winter
2024-12-04,178,2091.38,459.16,130.45,74,28.26,Wednesday,Winter
2024-12-05,203,2522.05,569.16,283.99,68,37.09,Thursday,Winter
2024-12-06,252,2929.99,621.96,204.68,84,34.88,Friday,Winter
2024-12-07,178,2565.16,623.28,228.83,71,36.13,Saturday,Winter
2024-12-08,201,2560.03,675.82,216.66,49,52.25,Sunday,Winter
2024-12-09,160,2096.37,586.19,202.65,61,34.37,Monday,Winter
2024-12-10,212,2754.8,682.42,197.94,66,41.74,Tuesday,Winter
2024-12-11,206,2834.6,681.45,235.02,71,39.92,Wednesday,Winter
2024-12-12,228,2797.91,712.22,162.24,83,33.71,Thursday,Winter
2024-12-13,238,2393.03,538.3,254.03,86,27.83,Friday,Winter
2024-12-14,207,2608.1,815.52,208.41,69,37.8,Saturday,Winter
2024-12-15,178,1962.09,395.89,180.9,53,37.02,Sunday,Winter
2024-12-16,212,2375.9,607.14,209.13,66,36.0,Monday,Winter
2024-12-17,192,2472.87,768.34,278.43,56,44.16,Tuesday,Winter
2024-12-18,209,2896.2,724.64,207.72,66,43.88,Wednesday,Winter
2024-12-19,228,2743.27,670.18,244.45,73,37.58,Thursday,Winter
2024-12-20,249,3103.35,742.56,201.83,89,34.87,Friday,Winter
2024-12-21,209,3041.64,743.95,262.33,60,50.69,Saturday,Winter
2024-12-22,156,1928.34,561.5,260.35,46,41.92,Sunday,Winter
2024-12-23,178,2830.65,519.83,307.78,65,43.55,Monday,Winter
2024-12-24,204,2621.05,775.84,227.7,62,42.28,Tuesday,Winter
2024-12-25,212,1984.08,411.26,262.34,74,26.81,Wednesday,Winter
2024-12-26,234,3072.42,743.53,240.36,78,39.39,Thursday,Winter
2024-12-27,253,3180.65,754.2,289.11,92,34.57,Friday,Winter
2024-12-28,213,2968.08,794.43,209.33,71,41.8,Saturday,Winter
2024-12-29,176,2289.72,462.65,268.67,58,39.48,Sunday,Winter
2024-12-30,190,2240.54,591.2,231.86,56,40.01,Monday,Winter
2024-12-31,199,2022.55,628.47,237.83,61,33.16,Tuesday,Winter
